{"cameraMode":{"drawMode":0,"name":"Shaded","section":"Shading Mode"},"sceneLighting":false,"audioPlay":false,"sceneViewState":{"showFog":true,"showMaterialUpdate":false,"showSkybox":false,"showFlares":true,"showImageEffects":true,"showParticleSystems":true},"in2DMode":false,"pivot":{"x":47.699073791503909,"y":34.460060119628909,"z":56.081787109375},"rotation":{"x":0.0028885689098387958,"y":0.9928402304649353,"z":-0.11700737476348877,"w":0.02444303222000599},"size":36.39566421508789,"orthographic":false}