{"cameraMode":{"drawMode":0,"name":"Shaded","section":"Shading Mode"},"sceneLighting":false,"audioPlay":false,"sceneViewState":{"showFog":true,"showMaterialUpdate":false,"showSkybox":false,"showFlares":true,"showImageEffects":true,"showParticleSystems":true},"in2DMode":false,"pivot":{"x":24.99991798400879,"y":0.8432497978210449,"z":24.98760986328125},"rotation":{"x":0.14850188791751862,"y":0.26610150933265688,"z":-0.04151444882154465,"w":0.9515541791915894},"size":4.970254898071289,"orthographic":false}