{"cameraMode":{"drawMode":0,"name":"Shaded","section":"Shading Mode"},"sceneLighting":true,"audioPlay":false,"sceneViewState":{"showFog":true,"showMaterialUpdate":false,"showSkybox":true,"showFlares":true,"showImageEffects":true,"showParticleSystems":true},"in2DMode":false,"pivot":{"x":4.441402435302734,"y":0.7293376922607422,"z":-7.961797714233398},"rotation":{"x":0.13951267302036286,"y":0.6031439900398254,"z":-0.10795718431472779,"w":0.7780516743659973},"size":51.7852897644043,"orthographic":false}